"","lsoa11cd","LSOA.Name","LA.Code..2018.boundaries.","LA.name..2018.boundaries.","LA.Code..2021.boundaries.","LA.name..2021.boundaries.","All.Ages","Aged.65."
"1","E01006412","Knowsley 006A","E08000011","Knowsley","E08000011","Knowsley",1606,250
"2","E01006413","Knowsley 006B","E08000011","Knowsley","E08000011","Knowsley",1587,225
"3","E01006414","Knowsley 006C","E08000011","Knowsley","E08000011","Knowsley",1423,285
"4","E01006415","Knowsley 003A","E08000011","Knowsley","E08000011","Knowsley",2086,290
"5","E01006416","Knowsley 005A","E08000011","Knowsley","E08000011","Knowsley",1532,234
"6","E01006417","Knowsley 003B","E08000011","Knowsley","E08000011","Knowsley",1296,224
"7","E01006418","Knowsley 005B","E08000011","Knowsley","E08000011","Knowsley",1341,268
"8","E01006419","Knowsley 019A","E08000011","Knowsley","E08000011","Knowsley",1439,248
"9","E01006420","Knowsley 017A","E08000011","Knowsley","E08000011","Knowsley",2382,302
"10","E01006421","Knowsley 018A","E08000011","Knowsley","E08000011","Knowsley",1169,165
"11","E01006422","Knowsley 019B","E08000011","Knowsley","E08000011","Knowsley",1207,347
"12","E01006423","Knowsley 019C","E08000011","Knowsley","E08000011","Knowsley",1412,287
"13","E01006424","Knowsley 017B","E08000011","Knowsley","E08000011","Knowsley",1914,386
"14","E01006425","Knowsley 018B","E08000011","Knowsley","E08000011","Knowsley",1328,232
"15","E01006426","Knowsley 020A","E08000011","Knowsley","E08000011","Knowsley",1431,236
"16","E01006427","Knowsley 019D","E08000011","Knowsley","E08000011","Knowsley",1412,367
"17","E01006428","Knowsley 020B","E08000011","Knowsley","E08000011","Knowsley",1616,186
"18","E01006429","Knowsley 020C","E08000011","Knowsley","E08000011","Knowsley",1150,187
"19","E01006430","Knowsley 018C","E08000011","Knowsley","E08000011","Knowsley",1394,329
"20","E01006431","Knowsley 020D","E08000011","Knowsley","E08000011","Knowsley",1759,305
"21","E01006432","Knowsley 020E","E08000011","Knowsley","E08000011","Knowsley",1554,252
"22","E01006433","Knowsley 018D","E08000011","Knowsley","E08000011","Knowsley",1509,317
"23","E01006434","Knowsley 005C","E08000011","Knowsley","E08000011","Knowsley",1528,180
"24","E01006435","Knowsley 005D","E08000011","Knowsley","E08000011","Knowsley",1434,281
"25","E01006436","Knowsley 003C","E08000011","Knowsley","E08000011","Knowsley",1475,194
"26","E01006437","Knowsley 003D","E08000011","Knowsley","E08000011","Knowsley",1238,226
"27","E01006438","Knowsley 005E","E08000011","Knowsley","E08000011","Knowsley",1242,342
"28","E01006439","Knowsley 005F","E08000011","Knowsley","E08000011","Knowsley",1568,330
"29","E01006440","Knowsley 010A","E08000011","Knowsley","E08000011","Knowsley",1416,166
"30","E01006441","Knowsley 006D","E08000011","Knowsley","E08000011","Knowsley",2862,335
"31","E01006442","Knowsley 010B","E08000011","Knowsley","E08000011","Knowsley",1613,276
"32","E01006443","Knowsley 010C","E08000011","Knowsley","E08000011","Knowsley",1485,293
"33","E01006444","Knowsley 010D","E08000011","Knowsley","E08000011","Knowsley",1440,258
"34","E01006445","Knowsley 010E","E08000011","Knowsley","E08000011","Knowsley",1311,153
"35","E01006446","Knowsley 005G","E08000011","Knowsley","E08000011","Knowsley",1444,219
"36","E01006447","Knowsley 003E","E08000011","Knowsley","E08000011","Knowsley",1461,253
"37","E01006448","Knowsley 001A","E08000011","Knowsley","E08000011","Knowsley",2075,245
"38","E01006449","Knowsley 012A","E08000011","Knowsley","E08000011","Knowsley",1568,318
"39","E01006450","Knowsley 012B","E08000011","Knowsley","E08000011","Knowsley",1520,225
"40","E01006451","Knowsley 012C","E08000011","Knowsley","E08000011","Knowsley",1453,278
"41","E01006452","Knowsley 012D","E08000011","Knowsley","E08000011","Knowsley",1455,204
"42","E01006453","Knowsley 008A","E08000011","Knowsley","E08000011","Knowsley",1204,139
"43","E01006454","Knowsley 002A","E08000011","Knowsley","E08000011","Knowsley",1342,347
"44","E01006455","Knowsley 004A","E08000011","Knowsley","E08000011","Knowsley",1831,314
"45","E01006456","Knowsley 002B","E08000011","Knowsley","E08000011","Knowsley",1506,335
"46","E01006457","Knowsley 002C","E08000011","Knowsley","E08000011","Knowsley",1270,431
"47","E01006458","Knowsley 002D","E08000011","Knowsley","E08000011","Knowsley",1425,290
"48","E01006459","Knowsley 009A","E08000011","Knowsley","E08000011","Knowsley",1624,280
"49","E01006460","Knowsley 007A","E08000011","Knowsley","E08000011","Knowsley",1618,209
"50","E01006461","Knowsley 007B","E08000011","Knowsley","E08000011","Knowsley",1497,193
"51","E01006462","Knowsley 009B","E08000011","Knowsley","E08000011","Knowsley",1595,264
"52","E01006463","Knowsley 007C","E08000011","Knowsley","E08000011","Knowsley",2518,315
"53","E01006464","Knowsley 007D","E08000011","Knowsley","E08000011","Knowsley",2067,478
"54","E01006465","Knowsley 011A","E08000011","Knowsley","E08000011","Knowsley",1575,244
"55","E01006466","Knowsley 007E","E08000011","Knowsley","E08000011","Knowsley",1547,298
"56","E01006467","Knowsley 008B","E08000011","Knowsley","E08000011","Knowsley",1253,188
"57","E01006470","Knowsley 008E","E08000011","Knowsley","E08000011","Knowsley",1374,238
"58","E01006471","Knowsley 016A","E08000011","Knowsley","E08000011","Knowsley",1430,328
"59","E01006472","Knowsley 014A","E08000011","Knowsley","E08000011","Knowsley",1547,357
"60","E01006473","Knowsley 016B","E08000011","Knowsley","E08000011","Knowsley",1552,298
"61","E01006474","Knowsley 016C","E08000011","Knowsley","E08000011","Knowsley",1681,382
"62","E01006475","Knowsley 016D","E08000011","Knowsley","E08000011","Knowsley",1361,399
"63","E01006476","Knowsley 016E","E08000011","Knowsley","E08000011","Knowsley",1387,350
"64","E01006477","Knowsley 015A","E08000011","Knowsley","E08000011","Knowsley",1561,223
"65","E01006478","Knowsley 015B","E08000011","Knowsley","E08000011","Knowsley",1724,226
"66","E01006479","Knowsley 015C","E08000011","Knowsley","E08000011","Knowsley",1412,238
"67","E01006480","Knowsley 015D","E08000011","Knowsley","E08000011","Knowsley",1381,313
"68","E01006481","Knowsley 015E","E08000011","Knowsley","E08000011","Knowsley",1357,267
"69","E01006482","Knowsley 011B","E08000011","Knowsley","E08000011","Knowsley",1585,257
"70","E01006483","Knowsley 011C","E08000011","Knowsley","E08000011","Knowsley",1382,245
"71","E01006484","Knowsley 011D","E08000011","Knowsley","E08000011","Knowsley",1362,198
"72","E01006485","Knowsley 014B","E08000011","Knowsley","E08000011","Knowsley",1823,295
"73","E01006486","Knowsley 014C","E08000011","Knowsley","E08000011","Knowsley",1161,255
"74","E01006487","Knowsley 014D","E08000011","Knowsley","E08000011","Knowsley",1447,318
"75","E01006488","Knowsley 014E","E08000011","Knowsley","E08000011","Knowsley",2317,371
"76","E01006489","Knowsley 014F","E08000011","Knowsley","E08000011","Knowsley",1331,234
"77","E01006490","Knowsley 002E","E08000011","Knowsley","E08000011","Knowsley",2727,216
"78","E01006491","Knowsley 002F","E08000011","Knowsley","E08000011","Knowsley",2125,236
"79","E01006492","Knowsley 001B","E08000011","Knowsley","E08000011","Knowsley",1354,311
"80","E01006493","Knowsley 001C","E08000011","Knowsley","E08000011","Knowsley",1314,168
"81","E01006494","Knowsley 001D","E08000011","Knowsley","E08000011","Knowsley",1609,180
"82","E01006495","Knowsley 001E","E08000011","Knowsley","E08000011","Knowsley",2244,234
"83","E01006496","Knowsley 009C","E08000011","Knowsley","E08000011","Knowsley",1388,261
"84","E01006497","Knowsley 013A","E08000011","Knowsley","E08000011","Knowsley",1051,215
"85","E01006498","Knowsley 009D","E08000011","Knowsley","E08000011","Knowsley",1649,272
"86","E01006499","Knowsley 009E","E08000011","Knowsley","E08000011","Knowsley",1985,307
"87","E01006500","Knowsley 013B","E08000011","Knowsley","E08000011","Knowsley",1041,239
"88","E01006501","Knowsley 013C","E08000011","Knowsley","E08000011","Knowsley",1350,174
"89","E01006502","Knowsley 017C","E08000011","Knowsley","E08000011","Knowsley",1702,529
"90","E01006503","Knowsley 017D","E08000011","Knowsley","E08000011","Knowsley",1332,419
"91","E01006504","Knowsley 013D","E08000011","Knowsley","E08000011","Knowsley",1161,150
"92","E01006505","Knowsley 013E","E08000011","Knowsley","E08000011","Knowsley",1769,307
"93","E01006506","Knowsley 004B","E08000011","Knowsley","E08000011","Knowsley",1379,189
"94","E01006507","Knowsley 004C","E08000011","Knowsley","E08000011","Knowsley",1533,215
"95","E01006508","Knowsley 004D","E08000011","Knowsley","E08000011","Knowsley",1335,183
"96","E01006509","Knowsley 004E","E08000011","Knowsley","E08000011","Knowsley",1702,270
"97","E01006510","Knowsley 004F","E08000011","Knowsley","E08000011","Knowsley",1268,245
"98","E01033228","Knowsley 008F","E08000011","Knowsley","E08000011","Knowsley",2252,284
"99","E01006512","Liverpool 031A","E08000012","Liverpool","E08000012","Liverpool",3265,72
"100","E01006513","Liverpool 060A","E08000012","Liverpool","E08000012","Liverpool",6484,74
"101","E01006514","Liverpool 037A","E08000012","Liverpool","E08000012","Liverpool",2412,193
"102","E01006515","Liverpool 037B","E08000012","Liverpool","E08000012","Liverpool",1924,198
"103","E01006518","Liverpool 044A","E08000012","Liverpool","E08000012","Liverpool",1744,396
"104","E01006519","Liverpool 056A","E08000012","Liverpool","E08000012","Liverpool",1225,295
"105","E01006520","Liverpool 043A","E08000012","Liverpool","E08000012","Liverpool",1675,207
"106","E01006521","Liverpool 052A","E08000012","Liverpool","E08000012","Liverpool",1683,431
"107","E01006522","Liverpool 048A","E08000012","Liverpool","E08000012","Liverpool",1706,153
"108","E01006523","Liverpool 052B","E08000012","Liverpool","E08000012","Liverpool",1510,242
"109","E01006524","Liverpool 048B","E08000012","Liverpool","E08000012","Liverpool",1588,363
"110","E01006525","Liverpool 049A","E08000012","Liverpool","E08000012","Liverpool",1230,290
"111","E01006526","Liverpool 048C","E08000012","Liverpool","E08000012","Liverpool",1435,305
"112","E01006527","Liverpool 053A","E08000012","Liverpool","E08000012","Liverpool",1434,286
"113","E01006528","Liverpool 052C","E08000012","Liverpool","E08000012","Liverpool",1419,184
"114","E01006529","Liverpool 048D","E08000012","Liverpool","E08000012","Liverpool",1297,191
"115","E01006530","Liverpool 055A","E08000012","Liverpool","E08000012","Liverpool",1347,381
"116","E01006531","Liverpool 055B","E08000012","Liverpool","E08000012","Liverpool",1370,457
"117","E01006532","Liverpool 047A","E08000012","Liverpool","E08000012","Liverpool",1484,428
"118","E01006533","Liverpool 055C","E08000012","Liverpool","E08000012","Liverpool",1260,323
"119","E01006534","Liverpool 054A","E08000012","Liverpool","E08000012","Liverpool",1727,271
"120","E01006535","Liverpool 054B","E08000012","Liverpool","E08000012","Liverpool",1623,330
"121","E01006536","Liverpool 054C","E08000012","Liverpool","E08000012","Liverpool",1777,310
"122","E01006537","Liverpool 055D","E08000012","Liverpool","E08000012","Liverpool",2509,326
"123","E01006538","Liverpool 055E","E08000012","Liverpool","E08000012","Liverpool",1238,271
"124","E01006539","Liverpool 047B","E08000012","Liverpool","E08000012","Liverpool",1283,372
"125","E01006540","Liverpool 024A","E08000012","Liverpool","E08000012","Liverpool",1889,175
"126","E01006541","Liverpool 015A","E08000012","Liverpool","E08000012","Liverpool",1471,333
"127","E01006542","Liverpool 018A","E08000012","Liverpool","E08000012","Liverpool",1498,214
"128","E01006543","Liverpool 015B","E08000012","Liverpool","E08000012","Liverpool",1149,247
"129","E01006544","Liverpool 015C","E08000012","Liverpool","E08000012","Liverpool",1587,210
"130","E01006545","Liverpool 019A","E08000012","Liverpool","E08000012","Liverpool",1455,185
"131","E01006546","Liverpool 019B","E08000012","Liverpool","E08000012","Liverpool",1292,148
"132","E01006547","Liverpool 019C","E08000012","Liverpool","E08000012","Liverpool",1712,206
"133","E01006548","Liverpool 019D","E08000012","Liverpool","E08000012","Liverpool",1762,252
"134","E01006549","Liverpool 043B","E08000012","Liverpool","E08000012","Liverpool",1857,193
"135","E01006550","Liverpool 038A","E08000012","Liverpool","E08000012","Liverpool",1200,93
"136","E01006551","Liverpool 048E","E08000012","Liverpool","E08000012","Liverpool",1425,375
"137","E01006552","Liverpool 039A","E08000012","Liverpool","E08000012","Liverpool",2303,112
"138","E01006553","Liverpool 042A","E08000012","Liverpool","E08000012","Liverpool",1765,105
"139","E01006554","Liverpool 048F","E08000012","Liverpool","E08000012","Liverpool",1616,141
"140","E01006556","Liverpool 039B","E08000012","Liverpool","E08000012","Liverpool",2762,181
"141","E01006557","Liverpool 038B","E08000012","Liverpool","E08000012","Liverpool",2324,111
"142","E01006558","Liverpool 018B","E08000012","Liverpool","E08000012","Liverpool",1246,190
"143","E01006560","Liverpool 023A","E08000012","Liverpool","E08000012","Liverpool",1932,359
"144","E01006562","Liverpool 018E","E08000012","Liverpool","E08000012","Liverpool",1509,191
"145","E01006563","Liverpool 024B","E08000012","Liverpool","E08000012","Liverpool",1769,374
"146","E01006564","Liverpool 023B","E08000012","Liverpool","E08000012","Liverpool",1544,445
"147","E01006565","Liverpool 029A","E08000012","Liverpool","E08000012","Liverpool",1433,280
"148","E01006566","Liverpool 032A","E08000012","Liverpool","E08000012","Liverpool",1343,270
"149","E01006567","Liverpool 026A","E08000012","Liverpool","E08000012","Liverpool",1528,358
"150","E01006568","Liverpool 026B","E08000012","Liverpool","E08000012","Liverpool",1469,318
"151","E01006569","Liverpool 029B","E08000012","Liverpool","E08000012","Liverpool",1315,277
"152","E01006570","Liverpool 026C","E08000012","Liverpool","E08000012","Liverpool",1370,259
"153","E01006571","Liverpool 026D","E08000012","Liverpool","E08000012","Liverpool",1527,328
"154","E01006572","Liverpool 025A","E08000012","Liverpool","E08000012","Liverpool",1240,176
"155","E01006573","Liverpool 029C","E08000012","Liverpool","E08000012","Liverpool",1341,297
"156","E01006574","Liverpool 025B","E08000012","Liverpool","E08000012","Liverpool",1204,229
"157","E01006575","Liverpool 034A","E08000012","Liverpool","E08000012","Liverpool",1359,269
"158","E01006576","Liverpool 034B","E08000012","Liverpool","E08000012","Liverpool",1733,339
"159","E01006577","Liverpool 034C","E08000012","Liverpool","E08000012","Liverpool",1499,344
"160","E01006578","Liverpool 036A","E08000012","Liverpool","E08000012","Liverpool",1314,237
"161","E01006579","Liverpool 034D","E08000012","Liverpool","E08000012","Liverpool",1599,329
"162","E01006580","Liverpool 036B","E08000012","Liverpool","E08000012","Liverpool",1190,252
"163","E01006581","Liverpool 036C","E08000012","Liverpool","E08000012","Liverpool",1526,330
"164","E01006582","Liverpool 041A","E08000012","Liverpool","E08000012","Liverpool",1554,289
"165","E01006583","Liverpool 047C","E08000012","Liverpool","E08000012","Liverpool",1731,303
"166","E01006584","Liverpool 034E","E08000012","Liverpool","E08000012","Liverpool",1400,322
"167","E01006585","Liverpool 032B","E08000012","Liverpool","E08000012","Liverpool",1317,248
"168","E01006586","Liverpool 032C","E08000012","Liverpool","E08000012","Liverpool",1779,308
"169","E01006587","Liverpool 032D","E08000012","Liverpool","E08000012","Liverpool",1607,318
"170","E01006588","Liverpool 042C","E08000012","Liverpool","E08000012","Liverpool",1431,232
"171","E01006589","Liverpool 041B","E08000012","Liverpool","E08000012","Liverpool",1439,317
"172","E01006590","Liverpool 042D","E08000012","Liverpool","E08000012","Liverpool",1620,256
"173","E01006591","Liverpool 041C","E08000012","Liverpool","E08000012","Liverpool",1483,201
"174","E01006592","Liverpool 041D","E08000012","Liverpool","E08000012","Liverpool",1578,439
"175","E01006593","Liverpool 042E","E08000012","Liverpool","E08000012","Liverpool",1504,154
"176","E01006594","Liverpool 047D","E08000012","Liverpool","E08000012","Liverpool",1355,396
"177","E01006595","Liverpool 049B","E08000012","Liverpool","E08000012","Liverpool",1718,331
"178","E01006596","Liverpool 049C","E08000012","Liverpool","E08000012","Liverpool",1490,320
"179","E01006597","Liverpool 041E","E08000012","Liverpool","E08000012","Liverpool",1658,432
"180","E01006598","Liverpool 010A","E08000012","Liverpool","E08000012","Liverpool",1628,179
"181","E01006599","Liverpool 010B","E08000012","Liverpool","E08000012","Liverpool",1797,126
"182","E01006600","Liverpool 011A","E08000012","Liverpool","E08000012","Liverpool",1393,248
"183","E01006603","Liverpool 011B","E08000012","Liverpool","E08000012","Liverpool",1332,243
"184","E01006604","Liverpool 016A","E08000012","Liverpool","E08000012","Liverpool",1446,211
"185","E01006605","Liverpool 016B","E08000012","Liverpool","E08000012","Liverpool",1509,268
"186","E01006606","Liverpool 020A","E08000012","Liverpool","E08000012","Liverpool",1430,278
"187","E01006607","Liverpool 008A","E08000012","Liverpool","E08000012","Liverpool",1467,252
"188","E01006608","Liverpool 009A","E08000012","Liverpool","E08000012","Liverpool",1134,205
"189","E01006609","Liverpool 009B","E08000012","Liverpool","E08000012","Liverpool",1320,214
"190","E01006610","Liverpool 009C","E08000012","Liverpool","E08000012","Liverpool",1556,276
"191","E01006611","Liverpool 012A","E08000012","Liverpool","E08000012","Liverpool",1339,134
"192","E01006612","Liverpool 008B","E08000012","Liverpool","E08000012","Liverpool",1487,228
"193","E01006613","Liverpool 009D","E08000012","Liverpool","E08000012","Liverpool",1179,264
"194","E01006614","Liverpool 012B","E08000012","Liverpool","E08000012","Liverpool",1299,197
"195","E01006615","Liverpool 012C","E08000012","Liverpool","E08000012","Liverpool",1318,174
"196","E01006616","Liverpool 015D","E08000012","Liverpool","E08000012","Liverpool",1332,263
"197","E01006617","Liverpool 021A","E08000012","Liverpool","E08000012","Liverpool",1407,250
"198","E01006618","Liverpool 016C","E08000012","Liverpool","E08000012","Liverpool",1496,346
"199","E01006619","Liverpool 021B","E08000012","Liverpool","E08000012","Liverpool",1625,350
"200","E01006620","Liverpool 021C","E08000012","Liverpool","E08000012","Liverpool",1350,370
"201","E01006621","Liverpool 021D","E08000012","Liverpool","E08000012","Liverpool",1567,402
"202","E01006622","Liverpool 021E","E08000012","Liverpool","E08000012","Liverpool",1503,349
"203","E01006623","Liverpool 013A","E08000012","Liverpool","E08000012","Liverpool",1282,368
"204","E01006624","Liverpool 013B","E08000012","Liverpool","E08000012","Liverpool",1513,321
"205","E01006625","Liverpool 016D","E08000012","Liverpool","E08000012","Liverpool",1331,385
"206","E01006626","Liverpool 016E","E08000012","Liverpool","E08000012","Liverpool",1328,330
"207","E01006627","Liverpool 013C","E08000012","Liverpool","E08000012","Liverpool",1304,250
"208","E01006628","Liverpool 052D","E08000012","Liverpool","E08000012","Liverpool",1771,278
"209","E01006629","Liverpool 052E","E08000012","Liverpool","E08000012","Liverpool",1337,291
"210","E01006630","Liverpool 044B","E08000012","Liverpool","E08000012","Liverpool",1873,202
"211","E01006632","Liverpool 044C","E08000012","Liverpool","E08000012","Liverpool",1854,220
"212","E01006633","Liverpool 050B","E08000012","Liverpool","E08000012","Liverpool",1445,304
"213","E01006637","Liverpool 017A","E08000012","Liverpool","E08000012","Liverpool",1534,199
"214","E01006638","Liverpool 017B","E08000012","Liverpool","E08000012","Liverpool",1323,173
"215","E01006639","Liverpool 017C","E08000012","Liverpool","E08000012","Liverpool",1588,211
"216","E01006640","Liverpool 021F","E08000012","Liverpool","E08000012","Liverpool",2011,341
"217","E01006641","Liverpool 025C","E08000012","Liverpool","E08000012","Liverpool",1621,168
"218","E01006642","Liverpool 025D","E08000012","Liverpool","E08000012","Liverpool",1306,192
"219","E01006643","Liverpool 025E","E08000012","Liverpool","E08000012","Liverpool",1771,191
"220","E01006644","Liverpool 017D","E08000012","Liverpool","E08000012","Liverpool",1886,237
"221","E01006645","Liverpool 017E","E08000012","Liverpool","E08000012","Liverpool",1396,275
"222","E01006646","Liverpool 023C","E08000012","Liverpool","E08000012","Liverpool",2234,266
"223","E01006647","Liverpool 024C","E08000012","Liverpool","E08000012","Liverpool",1945,238
"224","E01006648","Liverpool 023D","E08000012","Liverpool","E08000012","Liverpool",2536,331
"225","E01006651","Liverpool 001A","E08000012","Liverpool","E08000012","Liverpool",1608,200
"226","E01006652","Liverpool 002A","E08000012","Liverpool","E08000012","Liverpool",1365,228
"227","E01006653","Liverpool 001B","E08000012","Liverpool","E08000012","Liverpool",1763,264
"228","E01006654","Liverpool 005A","E08000012","Liverpool","E08000012","Liverpool",1298,243
"229","E01006655","Liverpool 001C","E08000012","Liverpool","E08000012","Liverpool",1723,248
"230","E01006656","Liverpool 002B","E08000012","Liverpool","E08000012","Liverpool",1401,221
"231","E01006657","Liverpool 002C","E08000012","Liverpool","E08000012","Liverpool",1127,203
"232","E01006658","Liverpool 001D","E08000012","Liverpool","E08000012","Liverpool",1377,223
"233","E01006659","Liverpool 005B","E08000012","Liverpool","E08000012","Liverpool",1847,131
"234","E01006660","Liverpool 001E","E08000012","Liverpool","E08000012","Liverpool",1361,253
"235","E01006661","Liverpool 004A","E08000012","Liverpool","E08000012","Liverpool",1551,287
"236","E01006662","Liverpool 004B","E08000012","Liverpool","E08000012","Liverpool",1847,464
"237","E01006663","Liverpool 004C","E08000012","Liverpool","E08000012","Liverpool",1084,124
"238","E01006664","Liverpool 004D","E08000012","Liverpool","E08000012","Liverpool",2058,323
"239","E01006665","Liverpool 007A","E08000012","Liverpool","E08000012","Liverpool",1422,226
"240","E01006666","Liverpool 007B","E08000012","Liverpool","E08000012","Liverpool",1400,209
"241","E01006667","Liverpool 007C","E08000012","Liverpool","E08000012","Liverpool",1474,319
"242","E01006668","Liverpool 007D","E08000012","Liverpool","E08000012","Liverpool",1438,137
"243","E01006669","Liverpool 004E","E08000012","Liverpool","E08000012","Liverpool",1418,145
"244","E01006670","Liverpool 007E","E08000012","Liverpool","E08000012","Liverpool",1461,249
"245","E01006671","Liverpool 013D","E08000012","Liverpool","E08000012","Liverpool",1180,190
"246","E01006672","Liverpool 010E","E08000012","Liverpool","E08000012","Liverpool",1940,237
"247","E01006673","Liverpool 037D","E08000012","Liverpool","E08000012","Liverpool",2401,216
"248","E01006674","Liverpool 039C","E08000012","Liverpool","E08000012","Liverpool",2252,217
"249","E01006675","Liverpool 043C","E08000012","Liverpool","E08000012","Liverpool",2210,225
"250","E01006676","Liverpool 044D","E08000012","Liverpool","E08000012","Liverpool",1895,181
"251","E01006677","Liverpool 043D","E08000012","Liverpool","E08000012","Liverpool",1328,112
"252","E01006678","Liverpool 044E","E08000012","Liverpool","E08000012","Liverpool",2218,320
"253","E01006679","Liverpool 039D","E08000012","Liverpool","E08000012","Liverpool",2895,275
"254","E01006680","Liverpool 053B","E08000012","Liverpool","E08000012","Liverpool",1514,339
"255","E01006681","Liverpool 054D","E08000012","Liverpool","E08000012","Liverpool",1562,341
"256","E01006682","Liverpool 053C","E08000012","Liverpool","E08000012","Liverpool",1263,281
"257","E01006683","Liverpool 053D","E08000012","Liverpool","E08000012","Liverpool",1519,291
"258","E01006684","Liverpool 056B","E08000012","Liverpool","E08000012","Liverpool",2303,495
"259","E01006685","Liverpool 056C","E08000012","Liverpool","E08000012","Liverpool",1560,389
"260","E01006686","Liverpool 053E","E08000012","Liverpool","E08000012","Liverpool",1317,319
"261","E01006687","Liverpool 056D","E08000012","Liverpool","E08000012","Liverpool",2451,422
"262","E01006688","Liverpool 056E","E08000012","Liverpool","E08000012","Liverpool",1669,300
"263","E01006689","Liverpool 049D","E08000012","Liverpool","E08000012","Liverpool",1641,297
"264","E01006690","Liverpool 028A","E08000012","Liverpool","E08000012","Liverpool",1852,196
"265","E01006691","Liverpool 030A","E08000012","Liverpool","E08000012","Liverpool",1592,108
"266","E01006692","Liverpool 028B","E08000012","Liverpool","E08000012","Liverpool",2763,302
"267","E01006693","Liverpool 024D","E08000012","Liverpool","E08000012","Liverpool",1587,411
"268","E01006694","Liverpool 030B","E08000012","Liverpool","E08000012","Liverpool",2136,190
"269","E01006695","Liverpool 028C","E08000012","Liverpool","E08000012","Liverpool",2079,178
"270","E01006696","Liverpool 030C","E08000012","Liverpool","E08000012","Liverpool",2122,267
"271","E01006697","Liverpool 030D","E08000012","Liverpool","E08000012","Liverpool",2065,154
"272","E01006698","Liverpool 012D","E08000012","Liverpool","E08000012","Liverpool",1641,222
"273","E01006699","Liverpool 014A","E08000012","Liverpool","E08000012","Liverpool",1781,244
"274","E01006700","Liverpool 012E","E08000012","Liverpool","E08000012","Liverpool",1472,245
"275","E01006701","Liverpool 014B","E08000012","Liverpool","E08000012","Liverpool",1439,259
"276","E01006702","Liverpool 014C","E08000012","Liverpool","E08000012","Liverpool",1559,239
"277","E01006703","Liverpool 014D","E08000012","Liverpool","E08000012","Liverpool",1653,366
"278","E01006705","Liverpool 009E","E08000012","Liverpool","E08000012","Liverpool",1479,202
"279","E01006706","Liverpool 045A","E08000012","Liverpool","E08000012","Liverpool",1258,263
"280","E01006707","Liverpool 045B","E08000012","Liverpool","E08000012","Liverpool",1317,293
"281","E01006708","Liverpool 045C","E08000012","Liverpool","E08000012","Liverpool",1783,311
"282","E01006709","Liverpool 040A","E08000012","Liverpool","E08000012","Liverpool",1485,252
"283","E01006710","Liverpool 045D","E08000012","Liverpool","E08000012","Liverpool",1383,268
"284","E01006711","Liverpool 027A","E08000012","Liverpool","E08000012","Liverpool",1528,153
"285","E01006712","Liverpool 029D","E08000012","Liverpool","E08000012","Liverpool",1295,228
"286","E01006713","Liverpool 029E","E08000012","Liverpool","E08000012","Liverpool",1281,208
"287","E01006716","Liverpool 032E","E08000012","Liverpool","E08000012","Liverpool",1515,233
"288","E01006717","Liverpool 027D","E08000012","Liverpool","E08000012","Liverpool",1394,245
"289","E01006718","Liverpool 027E","E08000012","Liverpool","E08000012","Liverpool",1495,271
"290","E01006719","Liverpool 027F","E08000012","Liverpool","E08000012","Liverpool",1416,206
"291","E01006720","Liverpool 035A","E08000012","Liverpool","E08000012","Liverpool",2410,129
"292","E01006721","Liverpool 038C","E08000012","Liverpool","E08000012","Liverpool",1892,199
"293","E01006722","Liverpool 038D","E08000012","Liverpool","E08000012","Liverpool",2032,113
"294","E01006723","Liverpool 038E","E08000012","Liverpool","E08000012","Liverpool",1873,175
"295","E01006724","Liverpool 038F","E08000012","Liverpool","E08000012","Liverpool",1729,130
"296","E01006725","Liverpool 035B","E08000012","Liverpool","E08000012","Liverpool",1655,220
"297","E01006726","Liverpool 035C","E08000012","Liverpool","E08000012","Liverpool",1613,130
"298","E01006727","Liverpool 035D","E08000012","Liverpool","E08000012","Liverpool",1465,186
"299","E01006728","Liverpool 035E","E08000012","Liverpool","E08000012","Liverpool",1778,136
"300","E01006729","Liverpool 008C","E08000012","Liverpool","E08000012","Liverpool",1325,173
"301","E01006730","Liverpool 011C","E08000012","Liverpool","E08000012","Liverpool",1389,230
"302","E01006731","Liverpool 011D","E08000012","Liverpool","E08000012","Liverpool",1168,171
"303","E01006732","Liverpool 011E","E08000012","Liverpool","E08000012","Liverpool",1773,193
"304","E01006734","Liverpool 005C","E08000012","Liverpool","E08000012","Liverpool",1364,190
"305","E01006735","Liverpool 005D","E08000012","Liverpool","E08000012","Liverpool",1318,192
"306","E01006736","Liverpool 005E","E08000012","Liverpool","E08000012","Liverpool",1503,235
"307","E01006737","Liverpool 005F","E08000012","Liverpool","E08000012","Liverpool",1316,186
"308","E01006738","Liverpool 058A","E08000012","Liverpool","E08000012","Liverpool",1463,240
"309","E01006739","Liverpool 058B","E08000012","Liverpool","E08000012","Liverpool",2260,277
"310","E01006740","Liverpool 057A","E08000012","Liverpool","E08000012","Liverpool",1693,193
"311","E01006741","Liverpool 058C","E08000012","Liverpool","E08000012","Liverpool",1754,243
"312","E01006742","Liverpool 057B","E08000012","Liverpool","E08000012","Liverpool",1592,246
"313","E01006743","Liverpool 058D","E08000012","Liverpool","E08000012","Liverpool",2159,290
"314","E01006744","Liverpool 057C","E08000012","Liverpool","E08000012","Liverpool",1480,185
"315","E01006745","Liverpool 057D","E08000012","Liverpool","E08000012","Liverpool",1909,211
"316","E01006746","Liverpool 030E","E08000012","Liverpool","E08000012","Liverpool",1654,245
"317","E01006747","Liverpool 031B","E08000012","Liverpool","E08000012","Liverpool",5588,161
"318","E01006748","Liverpool 031C","E08000012","Liverpool","E08000012","Liverpool",2252,126
"319","E01006751","Liverpool 031F","E08000012","Liverpool","E08000012","Liverpool",3328,275
"320","E01006752","Liverpool 035F","E08000012","Liverpool","E08000012","Liverpool",1100,162
"321","E01006753","Liverpool 059A","E08000012","Liverpool","E08000012","Liverpool",1649,204
"322","E01006754","Liverpool 059B","E08000012","Liverpool","E08000012","Liverpool",1646,228
"323","E01006755","Liverpool 059C","E08000012","Liverpool","E08000012","Liverpool",1774,256
"324","E01006756","Liverpool 059D","E08000012","Liverpool","E08000012","Liverpool",1839,221
"325","E01006757","Liverpool 059E","E08000012","Liverpool","E08000012","Liverpool",1544,214
"326","E01006758","Liverpool 059F","E08000012","Liverpool","E08000012","Liverpool",1453,235
"327","E01006759","Liverpool 028D","E08000012","Liverpool","E08000012","Liverpool",1136,144
"328","E01006760","Liverpool 028E","E08000012","Liverpool","E08000012","Liverpool",1846,207
"329","E01006761","Liverpool 020B","E08000012","Liverpool","E08000012","Liverpool",1760,345
"330","E01006762","Liverpool 015E","E08000012","Liverpool","E08000012","Liverpool",1782,285
"331","E01006763","Liverpool 020C","E08000012","Liverpool","E08000012","Liverpool",1414,219
"332","E01006764","Liverpool 020D","E08000012","Liverpool","E08000012","Liverpool",1507,184
"333","E01006765","Liverpool 020E","E08000012","Liverpool","E08000012","Liverpool",1483,202
"334","E01006766","Liverpool 019E","E08000012","Liverpool","E08000012","Liverpool",1458,141
"335","E01006767","Liverpool 019F","E08000012","Liverpool","E08000012","Liverpool",1911,190
"336","E01006768","Liverpool 020F","E08000012","Liverpool","E08000012","Liverpool",1313,205
"337","E01006769","Liverpool 040B","E08000012","Liverpool","E08000012","Liverpool",1397,338
"338","E01006770","Liverpool 040C","E08000012","Liverpool","E08000012","Liverpool",1026,213
"339","E01006771","Liverpool 040D","E08000012","Liverpool","E08000012","Liverpool",1483,379
"340","E01006772","Liverpool 040E","E08000012","Liverpool","E08000012","Liverpool",991,237
"341","E01006773","Liverpool 036D","E08000012","Liverpool","E08000012","Liverpool",1236,234
"342","E01006774","Liverpool 036E","E08000012","Liverpool","E08000012","Liverpool",1393,265
"343","E01006775","Liverpool 040F","E08000012","Liverpool","E08000012","Liverpool",1336,306
"344","E01006776","Liverpool 022B","E08000012","Liverpool","E08000012","Liverpool",1855,436
"345","E01006778","Liverpool 014E","E08000012","Liverpool","E08000012","Liverpool",2215,328
"346","E01006779","Liverpool 022D","E08000012","Liverpool","E08000012","Liverpool",2084,400
"347","E01006780","Liverpool 002D","E08000012","Liverpool","E08000012","Liverpool",1389,229
"348","E01006781","Liverpool 003A","E08000012","Liverpool","E08000012","Liverpool",1394,276
"349","E01006782","Liverpool 003B","E08000012","Liverpool","E08000012","Liverpool",1535,253
"350","E01006783","Liverpool 002E","E08000012","Liverpool","E08000012","Liverpool",1403,185
"351","E01006784","Liverpool 003C","E08000012","Liverpool","E08000012","Liverpool",1262,187
"352","E01006785","Liverpool 003D","E08000012","Liverpool","E08000012","Liverpool",1782,276
"353","E01006786","Liverpool 003E","E08000012","Liverpool","E08000012","Liverpool",1769,284
"354","E01006787","Liverpool 006A","E08000012","Liverpool","E08000012","Liverpool",2089,171
"355","E01006788","Liverpool 006B","E08000012","Liverpool","E08000012","Liverpool",1651,223
"356","E01006790","Liverpool 006C","E08000012","Liverpool","E08000012","Liverpool",1894,242
"357","E01006791","Liverpool 006D","E08000012","Liverpool","E08000012","Liverpool",1744,322
"358","E01006792","Liverpool 046A","E08000012","Liverpool","E08000012","Liverpool",1376,362
"359","E01006793","Liverpool 051A","E08000012","Liverpool","E08000012","Liverpool",1385,363
"360","E01006794","Liverpool 046B","E08000012","Liverpool","E08000012","Liverpool",1604,396
"361","E01006795","Liverpool 051B","E08000012","Liverpool","E08000012","Liverpool",1395,326
"362","E01006796","Liverpool 047E","E08000012","Liverpool","E08000012","Liverpool",1684,398
"363","E01006797","Liverpool 051C","E08000012","Liverpool","E08000012","Liverpool",1397,221
"364","E01006798","Liverpool 051D","E08000012","Liverpool","E08000012","Liverpool",1311,359
"365","E01006799","Liverpool 051E","E08000012","Liverpool","E08000012","Liverpool",1720,677
"366","E01006800","Liverpool 046C","E08000012","Liverpool","E08000012","Liverpool",1446,524
"367","E01006801","Liverpool 046D","E08000012","Liverpool","E08000012","Liverpool",1715,450
"368","E01032505","Liverpool 050F","E08000012","Liverpool","E08000012","Liverpool",1159,224
"369","E01032506","Liverpool 050G","E08000012","Liverpool","E08000012","Liverpool",1334,239
"370","E01032507","Liverpool 050H","E08000012","Liverpool","E08000012","Liverpool",1421,169
"371","E01032508","Liverpool 027G","E08000012","Liverpool","E08000012","Liverpool",1861,265
"372","E01032509","Liverpool 027H","E08000012","Liverpool","E08000012","Liverpool",1416,183
"373","E01032510","Liverpool 008F","E08000012","Liverpool","E08000012","Liverpool",2002,259
"374","E01032511","Liverpool 008G","E08000012","Liverpool","E08000012","Liverpool",1260,294
"375","E01033747","Liverpool 018F","E08000012","Liverpool","E08000012","Liverpool",1749,299
"376","E01033748","Liverpool 050I","E08000012","Liverpool","E08000012","Liverpool",1542,103
"377","E01033749","Liverpool 042F","E08000012","Liverpool","E08000012","Liverpool",1431,26
"378","E01033750","Liverpool 061A","E08000012","Liverpool","E08000012","Liverpool",2998,127
"379","E01033751","Liverpool 062A","E08000012","Liverpool","E08000012","Liverpool",2321,109
"380","E01033752","Liverpool 062B","E08000012","Liverpool","E08000012","Liverpool",3283,47
"381","E01033753","Liverpool 062C","E08000012","Liverpool","E08000012","Liverpool",1406,50
"382","E01033754","Liverpool 061B","E08000012","Liverpool","E08000012","Liverpool",2466,138
"383","E01033755","Liverpool 062D","E08000012","Liverpool","E08000012","Liverpool",1728,30
"384","E01033756","Liverpool 061C","E08000012","Liverpool","E08000012","Liverpool",1913,92
"385","E01033757","Liverpool 037E","E08000012","Liverpool","E08000012","Liverpool",1960,56
"386","E01033758","Liverpool 060B","E08000012","Liverpool","E08000012","Liverpool",3200,50
"387","E01033759","Liverpool 010F","E08000012","Liverpool","E08000012","Liverpool",3147,229
"388","E01033760","Liverpool 060C","E08000012","Liverpool","E08000012","Liverpool",3412,27
"389","E01033761","Liverpool 060D","E08000012","Liverpool","E08000012","Liverpool",2617,29
"390","E01033762","Liverpool 060E","E08000012","Liverpool","E08000012","Liverpool",3697,43
"391","E01033763","Liverpool 031G","E08000012","Liverpool","E08000012","Liverpool",2137,299
"392","E01033764","Liverpool 022E","E08000012","Liverpool","E08000012","Liverpool",3009,458
"393","E01033765","Liverpool 061D","E08000012","Liverpool","E08000012","Liverpool",1451,225
"394","E01033766","Liverpool 042G","E08000012","Liverpool","E08000012","Liverpool",1006,101
"395","E01033767","Liverpool 050J","E08000012","Liverpool","E08000012","Liverpool",989,138
"396","E01033768","Liverpool 037F","E08000012","Liverpool","E08000012","Liverpool",1264,105
"397","E01006920","Sefton 011A","E08000014","Sefton","E08000014","Sefton",1634,402
"398","E01006921","Sefton 012A","E08000014","Sefton","E08000014","Sefton",1339,557
"399","E01006922","Sefton 012B","E08000014","Sefton","E08000014","Sefton",1362,533
"400","E01006923","Sefton 012C","E08000014","Sefton","E08000014","Sefton",1549,624
"401","E01006924","Sefton 011B","E08000014","Sefton","E08000014","Sefton",1477,306
"402","E01006925","Sefton 011C","E08000014","Sefton","E08000014","Sefton",1719,329
"403","E01006926","Sefton 012D","E08000014","Sefton","E08000014","Sefton",1676,654
"404","E01006927","Sefton 011D","E08000014","Sefton","E08000014","Sefton",1757,547
"405","E01006928","Sefton 009A","E08000014","Sefton","E08000014","Sefton",1475,370
"406","E01006929","Sefton 010A","E08000014","Sefton","E08000014","Sefton",1471,244
"407","E01006930","Sefton 010B","E08000014","Sefton","E08000014","Sefton",1416,315
"408","E01006931","Sefton 010C","E08000014","Sefton","E08000014","Sefton",1535,354
"409","E01006932","Sefton 010D","E08000014","Sefton","E08000014","Sefton",1403,366
"410","E01006933","Sefton 010E","E08000014","Sefton","E08000014","Sefton",1430,258
"411","E01006934","Sefton 007A","E08000014","Sefton","E08000014","Sefton",1564,312
"412","E01006935","Sefton 009B","E08000014","Sefton","E08000014","Sefton",1684,362
"413","E01006936","Sefton 022A","E08000014","Sefton","E08000014","Sefton",1538,572
"414","E01006937","Sefton 022B","E08000014","Sefton","E08000014","Sefton",1303,283
"415","E01006938","Sefton 022C","E08000014","Sefton","E08000014","Sefton",1239,446
"416","E01006939","Sefton 022D","E08000014","Sefton","E08000014","Sefton",1449,341
"417","E01006940","Sefton 022E","E08000014","Sefton","E08000014","Sefton",1445,395
"418","E01006941","Sefton 028A","E08000014","Sefton","E08000014","Sefton",1621,449
"419","E01006942","Sefton 028B","E08000014","Sefton","E08000014","Sefton",1418,282
"420","E01006943","Sefton 022F","E08000014","Sefton","E08000014","Sefton",1246,308
"421","E01006944","Sefton 003A","E08000014","Sefton","E08000014","Sefton",1827,954
"422","E01006945","Sefton 004A","E08000014","Sefton","E08000014","Sefton",1655,535
"423","E01006946","Sefton 001A","E08000014","Sefton","E08000014","Sefton",1352,515
"424","E01006947","Sefton 002A","E08000014","Sefton","E08000014","Sefton",1399,453
"425","E01006948","Sefton 003B","E08000014","Sefton","E08000014","Sefton",1336,400
"426","E01006949","Sefton 003C","E08000014","Sefton","E08000014","Sefton",1572,688
"427","E01006950","Sefton 004B","E08000014","Sefton","E08000014","Sefton",1662,470
"428","E01006951","Sefton 003D","E08000014","Sefton","E08000014","Sefton",1543,711
"429","E01006952","Sefton 032A","E08000014","Sefton","E08000014","Sefton",1251,172
"430","E01006953","Sefton 032B","E08000014","Sefton","E08000014","Sefton",1467,260
"431","E01006954","Sefton 028C","E08000014","Sefton","E08000014","Sefton",1500,331
"432","E01006955","Sefton 030A","E08000014","Sefton","E08000014","Sefton",1519,246
"433","E01006956","Sefton 030B","E08000014","Sefton","E08000014","Sefton",1610,207
"434","E01006957","Sefton 032C","E08000014","Sefton","E08000014","Sefton",1508,357
"435","E01006958","Sefton 030C","E08000014","Sefton","E08000014","Sefton",1546,278
"436","E01006959","Sefton 032D","E08000014","Sefton","E08000014","Sefton",1479,289
"437","E01006960","Sefton 038A","E08000014","Sefton","E08000014","Sefton",1104,283
"438","E01006961","Sefton 038B","E08000014","Sefton","E08000014","Sefton",1594,260
"439","E01006962","Sefton 038C","E08000014","Sefton","E08000014","Sefton",1347,278
"440","E01006963","Sefton 038D","E08000014","Sefton","E08000014","Sefton",1574,154
"441","E01006964","Sefton 036A","E08000014","Sefton","E08000014","Sefton",1579,210
"442","E01006965","Sefton 038E","E08000014","Sefton","E08000014","Sefton",1381,234
"443","E01006966","Sefton 038F","E08000014","Sefton","E08000014","Sefton",1608,257
"444","E01006967","Sefton 037A","E08000014","Sefton","E08000014","Sefton",1573,349
"445","E01006968","Sefton 004C","E08000014","Sefton","E08000014","Sefton",2020,506
"446","E01006969","Sefton 004D","E08000014","Sefton","E08000014","Sefton",1673,325
"447","E01006970","Sefton 007B","E08000014","Sefton","E08000014","Sefton",1731,311
"448","E01006971","Sefton 009C","E08000014","Sefton","E08000014","Sefton",1593,676
"449","E01006972","Sefton 009D","E08000014","Sefton","E08000014","Sefton",1630,893
"450","E01006973","Sefton 009E","E08000014","Sefton","E08000014","Sefton",1608,711
"451","E01006974","Sefton 009F","E08000014","Sefton","E08000014","Sefton",1551,518
"452","E01006976","Sefton 033A","E08000014","Sefton","E08000014","Sefton",1504,284
"453","E01006977","Sefton 032E","E08000014","Sefton","E08000014","Sefton",1805,454
"454","E01006978","Sefton 031A","E08000014","Sefton","E08000014","Sefton",1296,282
"455","E01006979","Sefton 024A","E08000014","Sefton","E08000014","Sefton",1377,206
"456","E01006980","Sefton 024B","E08000014","Sefton","E08000014","Sefton",1403,189
"457","E01006981","Sefton 031B","E08000014","Sefton","E08000014","Sefton",1539,241
"458","E01006982","Sefton 031C","E08000014","Sefton","E08000014","Sefton",1269,258
"459","E01006983","Sefton 031D","E08000014","Sefton","E08000014","Sefton",1639,270
"460","E01006984","Sefton 031E","E08000014","Sefton","E08000014","Sefton",1413,166
"461","E01006985","Sefton 013A","E08000014","Sefton","E08000014","Sefton",1386,445
"462","E01006986","Sefton 013B","E08000014","Sefton","E08000014","Sefton",1295,482
"463","E01006987","Sefton 013C","E08000014","Sefton","E08000014","Sefton",1281,479
"464","E01006988","Sefton 014A","E08000014","Sefton","E08000014","Sefton",1452,466
"465","E01006989","Sefton 013D","E08000014","Sefton","E08000014","Sefton",1287,490
"466","E01006990","Sefton 013E","E08000014","Sefton","E08000014","Sefton",1226,383
"467","E01006991","Sefton 015A","E08000014","Sefton","E08000014","Sefton",1400,508
"468","E01006992","Sefton 015B","E08000014","Sefton","E08000014","Sefton",1105,314
"469","E01006993","Sefton 015C","E08000014","Sefton","E08000014","Sefton",1466,449
"470","E01006994","Sefton 007C","E08000014","Sefton","E08000014","Sefton",1737,248
"471","E01006995","Sefton 008A","E08000014","Sefton","E08000014","Sefton",1262,242
"472","E01006996","Sefton 007D","E08000014","Sefton","E08000014","Sefton",1855,317
"473","E01006997","Sefton 008B","E08000014","Sefton","E08000014","Sefton",1483,233
"474","E01006998","Sefton 007E","E08000014","Sefton","E08000014","Sefton",1688,226
"475","E01006999","Sefton 008C","E08000014","Sefton","E08000014","Sefton",1520,399
"476","E01007000","Sefton 008D","E08000014","Sefton","E08000014","Sefton",1352,212
"477","E01007001","Sefton 008E","E08000014","Sefton","E08000014","Sefton",1884,283
"478","E01007002","Sefton 008F","E08000014","Sefton","E08000014","Sefton",1606,409
"479","E01007003","Sefton 036B","E08000014","Sefton","E08000014","Sefton",1238,186
"480","E01007004","Sefton 034A","E08000014","Sefton","E08000014","Sefton",1340,181
"481","E01007005","Sefton 034B","E08000014","Sefton","E08000014","Sefton",1421,184
"482","E01007006","Sefton 036C","E08000014","Sefton","E08000014","Sefton",1433,205
"483","E01007007","Sefton 037B","E08000014","Sefton","E08000014","Sefton",1340,224
"484","E01007008","Sefton 037C","E08000014","Sefton","E08000014","Sefton",1310,161
"485","E01007009","Sefton 037D","E08000014","Sefton","E08000014","Sefton",1634,288
"486","E01007010","Sefton 037E","E08000014","Sefton","E08000014","Sefton",1470,134
"487","E01007011","Sefton 034C","E08000014","Sefton","E08000014","Sefton",1530,236
"488","E01007012","Sefton 036D","E08000014","Sefton","E08000014","Sefton",1301,176
"489","E01007013","Sefton 036E","E08000014","Sefton","E08000014","Sefton",1560,197
"490","E01007014","Sefton 033B","E08000014","Sefton","E08000014","Sefton",1525,326
"491","E01007016","Sefton 034D","E08000014","Sefton","E08000014","Sefton",1785,207
"492","E01007017","Sefton 034E","E08000014","Sefton","E08000014","Sefton",1675,227
"493","E01007019","Sefton 035A","E08000014","Sefton","E08000014","Sefton",1383,168
"494","E01007020","Sefton 021A","E08000014","Sefton","E08000014","Sefton",1380,218
"495","E01007021","Sefton 025A","E08000014","Sefton","E08000014","Sefton",1259,349
"496","E01007022","Sefton 021B","E08000014","Sefton","E08000014","Sefton",1376,302
"497","E01007023","Sefton 021C","E08000014","Sefton","E08000014","Sefton",1308,381
"498","E01007024","Sefton 024C","E08000014","Sefton","E08000014","Sefton",1196,255
"499","E01007025","Sefton 025B","E08000014","Sefton","E08000014","Sefton",1335,325
"500","E01007026","Sefton 024D","E08000014","Sefton","E08000014","Sefton",1198,221
"501","E01007027","Sefton 021D","E08000014","Sefton","E08000014","Sefton",1967,666
"502","E01007028","Sefton 001B","E08000014","Sefton","E08000014","Sefton",1401,339
"503","E01007029","Sefton 001C","E08000014","Sefton","E08000014","Sefton",1168,571
"504","E01007030","Sefton 001D","E08000014","Sefton","E08000014","Sefton",1531,283
"505","E01007031","Sefton 002B","E08000014","Sefton","E08000014","Sefton",1420,319
"506","E01007032","Sefton 002C","E08000014","Sefton","E08000014","Sefton",1376,376
"507","E01007033","Sefton 002D","E08000014","Sefton","E08000014","Sefton",1383,431
"508","E01007034","Sefton 003E","E08000014","Sefton","E08000014","Sefton",1276,400
"509","E01007035","Sefton 002E","E08000014","Sefton","E08000014","Sefton",1373,456
"510","E01007036","Sefton 001E","E08000014","Sefton","E08000014","Sefton",1241,437
"511","E01007037","Sefton 021E","E08000014","Sefton","E08000014","Sefton",1533,461
"512","E01007038","Sefton 021F","E08000014","Sefton","E08000014","Sefton",1394,353
"513","E01007039","Sefton 026A","E08000014","Sefton","E08000014","Sefton",1212,246
"514","E01007040","Sefton 026B","E08000014","Sefton","E08000014","Sefton",1856,334
"515","E01007041","Sefton 027A","E08000014","Sefton","E08000014","Sefton",1398,261
"516","E01007042","Sefton 026C","E08000014","Sefton","E08000014","Sefton",1260,286
"517","E01007043","Sefton 027B","E08000014","Sefton","E08000014","Sefton",1347,415
"518","E01007044","Sefton 026D","E08000014","Sefton","E08000014","Sefton",1418,443
"519","E01007045","Sefton 026E","E08000014","Sefton","E08000014","Sefton",1216,309
"520","E01007046","Sefton 027C","E08000014","Sefton","E08000014","Sefton",1689,319
"521","E01007047","Sefton 033E","E08000014","Sefton","E08000014","Sefton",1483,319
"522","E01007048","Sefton 029A","E08000014","Sefton","E08000014","Sefton",1719,175
"523","E01007049","Sefton 035B","E08000014","Sefton","E08000014","Sefton",1888,315
"524","E01007050","Sefton 035C","E08000014","Sefton","E08000014","Sefton",1278,260
"525","E01007051","Sefton 035D","E08000014","Sefton","E08000014","Sefton",1136,193
"526","E01007052","Sefton 035E","E08000014","Sefton","E08000014","Sefton",1393,211
"527","E01007053","Sefton 027D","E08000014","Sefton","E08000014","Sefton",1328,243
"528","E01007054","Sefton 029B","E08000014","Sefton","E08000014","Sefton",1342,297
"529","E01007055","Sefton 005A","E08000014","Sefton","E08000014","Sefton",1513,213
"530","E01007056","Sefton 005B","E08000014","Sefton","E08000014","Sefton",1688,266
"531","E01007057","Sefton 005C","E08000014","Sefton","E08000014","Sefton",1595,258
"532","E01007058","Sefton 006A","E08000014","Sefton","E08000014","Sefton",1373,235
"533","E01007059","Sefton 006B","E08000014","Sefton","E08000014","Sefton",1522,249
"534","E01007060","Sefton 006C","E08000014","Sefton","E08000014","Sefton",1499,298
"535","E01007061","Sefton 006D","E08000014","Sefton","E08000014","Sefton",1754,245
"536","E01007062","Sefton 005D","E08000014","Sefton","E08000014","Sefton",1457,284
"537","E01007063","Sefton 005E","E08000014","Sefton","E08000014","Sefton",1507,272
"538","E01007064","Sefton 006E","E08000014","Sefton","E08000014","Sefton",1329,209
"539","E01007065","Sefton 020A","E08000014","Sefton","E08000014","Sefton",1311,238
"540","E01007066","Sefton 020B","E08000014","Sefton","E08000014","Sefton",1490,280
"541","E01007067","Sefton 017A","E08000014","Sefton","E08000014","Sefton",1329,391
"542","E01007068","Sefton 017B","E08000014","Sefton","E08000014","Sefton",1183,323
"543","E01007069","Sefton 017C","E08000014","Sefton","E08000014","Sefton",1387,402
"544","E01007070","Sefton 017D","E08000014","Sefton","E08000014","Sefton",1409,474
"545","E01007071","Sefton 020C","E08000014","Sefton","E08000014","Sefton",1261,333
"546","E01007072","Sefton 020D","E08000014","Sefton","E08000014","Sefton",1375,570
"547","E01007073","Sefton 020E","E08000014","Sefton","E08000014","Sefton",1245,286
"548","E01007074","Sefton 019A","E08000014","Sefton","E08000014","Sefton",1371,314
"549","E01007075","Sefton 016A","E08000014","Sefton","E08000014","Sefton",1344,449
"550","E01007076","Sefton 016B","E08000014","Sefton","E08000014","Sefton",1607,379
"551","E01007077","Sefton 016C","E08000014","Sefton","E08000014","Sefton",1390,323
"552","E01007078","Sefton 015D","E08000014","Sefton","E08000014","Sefton",1543,499
"553","E01007079","Sefton 014B","E08000014","Sefton","E08000014","Sefton",1578,551
"554","E01007080","Sefton 014C","E08000014","Sefton","E08000014","Sefton",1389,411
"555","E01007081","Sefton 014D","E08000014","Sefton","E08000014","Sefton",1650,680
"556","E01007082","Sefton 016D","E08000014","Sefton","E08000014","Sefton",1264,363
"557","E01007083","Sefton 023A","E08000014","Sefton","E08000014","Sefton",1144,239
"558","E01007084","Sefton 027E","E08000014","Sefton","E08000014","Sefton",1301,238
"559","E01007085","Sefton 023B","E08000014","Sefton","E08000014","Sefton",1319,195
"560","E01007086","Sefton 023C","E08000014","Sefton","E08000014","Sefton",1143,259
"561","E01007087","Sefton 029C","E08000014","Sefton","E08000014","Sefton",1332,219
"562","E01007088","Sefton 029D","E08000014","Sefton","E08000014","Sefton",1268,232
"563","E01007089","Sefton 024E","E08000014","Sefton","E08000014","Sefton",1365,226
"564","E01007090","Sefton 029E","E08000014","Sefton","E08000014","Sefton",1245,173
"565","E01007091","Sefton 023D","E08000014","Sefton","E08000014","Sefton",1243,287
"566","E01007092","Sefton 023E","E08000014","Sefton","E08000014","Sefton",1154,207
"567","E01007095","Sefton 018C","E08000014","Sefton","E08000014","Sefton",1603,491
"568","E01007096","Sefton 018D","E08000014","Sefton","E08000014","Sefton",1278,395
"569","E01007097","Sefton 019B","E08000014","Sefton","E08000014","Sefton",1469,420
"570","E01007098","Sefton 019C","E08000014","Sefton","E08000014","Sefton",1445,465
"571","E01007099","Sefton 019D","E08000014","Sefton","E08000014","Sefton",1467,620
"572","E01007100","Sefton 018E","E08000014","Sefton","E08000014","Sefton",1261,350
"573","E01007101","Sefton 017E","E08000014","Sefton","E08000014","Sefton",1390,425
"574","E01007102","Sefton 030D","E08000014","Sefton","E08000014","Sefton",1516,226
"575","E01007103","Sefton 030E","E08000014","Sefton","E08000014","Sefton",1446,273
"576","E01007104","Sefton 028D","E08000014","Sefton","E08000014","Sefton",1414,317
"577","E01007105","Sefton 025C","E08000014","Sefton","E08000014","Sefton",1610,387
"578","E01007106","Sefton 025D","E08000014","Sefton","E08000014","Sefton",1664,303
"579","E01007107","Sefton 025E","E08000014","Sefton","E08000014","Sefton",1371,302
"580","E01007108","Sefton 025F","E08000014","Sefton","E08000014","Sefton",1580,315
"581","E01007109","Sefton 028E","E08000014","Sefton","E08000014","Sefton",1494,312
"582","E01033094","Sefton 004F","E08000014","Sefton","E08000014","Sefton",992,247
"583","E01033095","Sefton 033F","E08000014","Sefton","E08000014","Sefton",2136,439
"584","E01033096","Sefton 018F","E08000014","Sefton","E08000014","Sefton",2696,630
"585","E01033097","Sefton 004G","E08000014","Sefton","E08000014","Sefton",1095,232
"586","E01007110","Wirral 035A","E08000015","Wirral","E08000015","Wirral",1622,427
"587","E01007111","Wirral 032A","E08000015","Wirral","E08000015","Wirral",1545,337
"588","E01007112","Wirral 032B","E08000015","Wirral","E08000015","Wirral",1524,321
"589","E01007113","Wirral 032C","E08000015","Wirral","E08000015","Wirral",1316,310
"590","E01007114","Wirral 032D","E08000015","Wirral","E08000015","Wirral",1488,210
"591","E01007115","Wirral 031A","E08000015","Wirral","E08000015","Wirral",1592,300
"592","E01007116","Wirral 032E","E08000015","Wirral","E08000015","Wirral",1545,332
"593","E01007117","Wirral 035B","E08000015","Wirral","E08000015","Wirral",1674,270
"594","E01007118","Wirral 035C","E08000015","Wirral","E08000015","Wirral",1636,252
"595","E01007119","Wirral 019A","E08000015","Wirral","E08000015","Wirral",1615,273
"596","E01007120","Wirral 011A","E08000015","Wirral","E08000015","Wirral",1501,229
"597","E01007121","Wirral 011B","E08000015","Wirral","E08000015","Wirral",1490,173
"598","E01007122","Wirral 011C","E08000015","Wirral","E08000015","Wirral",1495,200
"599","E01007123","Wirral 011D","E08000015","Wirral","E08000015","Wirral",1604,160
"600","E01007124","Wirral 011E","E08000015","Wirral","E08000015","Wirral",1619,202
"601","E01007125","Wirral 015A","E08000015","Wirral","E08000015","Wirral",1687,264
"602","E01007126","Wirral 016A","E08000015","Wirral","E08000015","Wirral",2081,255
"603","E01007127","Wirral 016B","E08000015","Wirral","E08000015","Wirral",1679,160
"604","E01007128","Wirral 016C","E08000015","Wirral","E08000015","Wirral",1698,312
"605","E01007129","Wirral 016D","E08000015","Wirral","E08000015","Wirral",1557,193
"606","E01007130","Wirral 021A","E08000015","Wirral","E08000015","Wirral",1816,144
"607","E01007131","Wirral 021B","E08000015","Wirral","E08000015","Wirral",1672,220
"608","E01007133","Wirral 016E","E08000015","Wirral","E08000015","Wirral",1247,234
"609","E01007135","Wirral 039A","E08000015","Wirral","E08000015","Wirral",1534,394
"610","E01007136","Wirral 039B","E08000015","Wirral","E08000015","Wirral",1604,255
"611","E01007137","Wirral 039C","E08000015","Wirral","E08000015","Wirral",1633,349
"612","E01007138","Wirral 031B","E08000015","Wirral","E08000015","Wirral",1690,266
"613","E01007139","Wirral 031C","E08000015","Wirral","E08000015","Wirral",1643,193
"614","E01007140","Wirral 036A","E08000015","Wirral","E08000015","Wirral",2544,240
"615","E01007141","Wirral 031D","E08000015","Wirral","E08000015","Wirral",1640,436
"616","E01007142","Wirral 036B","E08000015","Wirral","E08000015","Wirral",2071,659
"617","E01007143","Wirral 036C","E08000015","Wirral","E08000015","Wirral",2068,229
"618","E01007144","Wirral 038A","E08000015","Wirral","E08000015","Wirral",1401,488
"619","E01007145","Wirral 038B","E08000015","Wirral","E08000015","Wirral",1191,472
"620","E01007146","Wirral 038C","E08000015","Wirral","E08000015","Wirral",1540,499
"621","E01007147","Wirral 038D","E08000015","Wirral","E08000015","Wirral",1398,434
"622","E01007148","Wirral 038E","E08000015","Wirral","E08000015","Wirral",1603,540
"623","E01007149","Wirral 041A","E08000015","Wirral","E08000015","Wirral",1462,473
"624","E01007150","Wirral 041B","E08000015","Wirral","E08000015","Wirral",1422,389
"625","E01007151","Wirral 035D","E08000015","Wirral","E08000015","Wirral",1531,354
"626","E01007152","Wirral 036D","E08000015","Wirral","E08000015","Wirral",1641,431
"627","E01007153","Wirral 036E","E08000015","Wirral","E08000015","Wirral",1436,417
"628","E01007154","Wirral 035E","E08000015","Wirral","E08000015","Wirral",1465,335
"629","E01007155","Wirral 020A","E08000015","Wirral","E08000015","Wirral",1675,375
"630","E01007156","Wirral 015B","E08000015","Wirral","E08000015","Wirral",1477,377
"631","E01007157","Wirral 015C","E08000015","Wirral","E08000015","Wirral",1447,246
"632","E01007158","Wirral 015D","E08000015","Wirral","E08000015","Wirral",1554,433
"633","E01007159","Wirral 015E","E08000015","Wirral","E08000015","Wirral",1908,493
"634","E01007160","Wirral 020B","E08000015","Wirral","E08000015","Wirral",1607,396
"635","E01007161","Wirral 019B","E08000015","Wirral","E08000015","Wirral",1501,368
"636","E01007162","Wirral 019C","E08000015","Wirral","E08000015","Wirral",1494,206
"637","E01007163","Wirral 024A","E08000015","Wirral","E08000015","Wirral",2246,446
"638","E01007164","Wirral 042A","E08000015","Wirral","E08000015","Wirral",1866,333
"639","E01007165","Wirral 041C","E08000015","Wirral","E08000015","Wirral",1258,421
"640","E01007166","Wirral 042B","E08000015","Wirral","E08000015","Wirral",1398,454
"641","E01007167","Wirral 042C","E08000015","Wirral","E08000015","Wirral",1533,248
"642","E01007168","Wirral 042D","E08000015","Wirral","E08000015","Wirral",1744,324
"643","E01007169","Wirral 042E","E08000015","Wirral","E08000015","Wirral",1799,376
"644","E01007170","Wirral 039D","E08000015","Wirral","E08000015","Wirral",1586,453
"645","E01007171","Wirral 041D","E08000015","Wirral","E08000015","Wirral",1560,349
"646","E01007172","Wirral 041E","E08000015","Wirral","E08000015","Wirral",1451,434
"647","E01007173","Wirral 029A","E08000015","Wirral","E08000015","Wirral",1545,357
"648","E01007174","Wirral 029B","E08000015","Wirral","E08000015","Wirral",1757,284
"649","E01007175","Wirral 027A","E08000015","Wirral","E08000015","Wirral",1821,296
"650","E01007176","Wirral 029C","E08000015","Wirral","E08000015","Wirral",1547,257
"651","E01007177","Wirral 029D","E08000015","Wirral","E08000015","Wirral",1591,332
"652","E01007178","Wirral 029E","E08000015","Wirral","E08000015","Wirral",1566,288
"653","E01007179","Wirral 021C","E08000015","Wirral","E08000015","Wirral",1385,148
"654","E01007180","Wirral 022A","E08000015","Wirral","E08000015","Wirral",1519,284
"655","E01007181","Wirral 022B","E08000015","Wirral","E08000015","Wirral",1568,298
"656","E01007182","Wirral 037A","E08000015","Wirral","E08000015","Wirral",1550,544
"657","E01007183","Wirral 034A","E08000015","Wirral","E08000015","Wirral",1262,321
"658","E01007184","Wirral 037B","E08000015","Wirral","E08000015","Wirral",1432,416
"659","E01007185","Wirral 037C","E08000015","Wirral","E08000015","Wirral",1538,317
"660","E01007186","Wirral 040A","E08000015","Wirral","E08000015","Wirral",1521,493
"661","E01007187","Wirral 040B","E08000015","Wirral","E08000015","Wirral",1369,499
"662","E01007188","Wirral 040C","E08000015","Wirral","E08000015","Wirral",1470,439
"663","E01007189","Wirral 040D","E08000015","Wirral","E08000015","Wirral",1625,620
"664","E01007190","Wirral 040E","E08000015","Wirral","E08000015","Wirral",1545,575
"665","E01007191","Wirral 040F","E08000015","Wirral","E08000015","Wirral",1300,400
"666","E01007192","Wirral 037D","E08000015","Wirral","E08000015","Wirral",1313,483
"667","E01007193","Wirral 014A","E08000015","Wirral","E08000015","Wirral",1672,586
"668","E01007194","Wirral 014B","E08000015","Wirral","E08000015","Wirral",1581,392
"669","E01007195","Wirral 013A","E08000015","Wirral","E08000015","Wirral",1573,432
"670","E01007196","Wirral 026A","E08000015","Wirral","E08000015","Wirral",1615,574
"671","E01007197","Wirral 026B","E08000015","Wirral","E08000015","Wirral",1645,449
"672","E01007198","Wirral 026C","E08000015","Wirral","E08000015","Wirral",1790,416
"673","E01007199","Wirral 013B","E08000015","Wirral","E08000015","Wirral",1516,442
"674","E01007200","Wirral 014C","E08000015","Wirral","E08000015","Wirral",1692,435
"675","E01007201","Wirral 014D","E08000015","Wirral","E08000015","Wirral",1452,286
"676","E01007202","Wirral 014E","E08000015","Wirral","E08000015","Wirral",1463,324
"677","E01007203","Wirral 006A","E08000015","Wirral","E08000015","Wirral",2041,394
"678","E01007204","Wirral 009A","E08000015","Wirral","E08000015","Wirral",1767,182
"679","E01007205","Wirral 006B","E08000015","Wirral","E08000015","Wirral",1555,204
"680","E01007206","Wirral 009B","E08000015","Wirral","E08000015","Wirral",1913,270
"681","E01007207","Wirral 009C","E08000015","Wirral","E08000015","Wirral",1350,296
"682","E01007208","Wirral 012A","E08000015","Wirral","E08000015","Wirral",1726,399
"683","E01007209","Wirral 009D","E08000015","Wirral","E08000015","Wirral",1386,373
"684","E01007210","Wirral 006C","E08000015","Wirral","E08000015","Wirral",1951,304
"685","E01007211","Wirral 004A","E08000015","Wirral","E08000015","Wirral",1144,277
"686","E01007212","Wirral 007A","E08000015","Wirral","E08000015","Wirral",1478,348
"687","E01007213","Wirral 007B","E08000015","Wirral","E08000015","Wirral",1486,391
"688","E01007214","Wirral 007C","E08000015","Wirral","E08000015","Wirral",1591,283
"689","E01007215","Wirral 005A","E08000015","Wirral","E08000015","Wirral",1715,402
"690","E01007216","Wirral 005B","E08000015","Wirral","E08000015","Wirral",1620,265
"691","E01007217","Wirral 007D","E08000015","Wirral","E08000015","Wirral",1793,290
"692","E01007218","Wirral 002A","E08000015","Wirral","E08000015","Wirral",1444,164
"693","E01007219","Wirral 005C","E08000015","Wirral","E08000015","Wirral",1647,227
"694","E01007220","Wirral 005D","E08000015","Wirral","E08000015","Wirral",1351,197
"695","E01007221","Wirral 012B","E08000015","Wirral","E08000015","Wirral",1429,338
"696","E01007222","Wirral 013C","E08000015","Wirral","E08000015","Wirral",1573,376
"697","E01007223","Wirral 013D","E08000015","Wirral","E08000015","Wirral",1500,201
"698","E01007224","Wirral 017A","E08000015","Wirral","E08000015","Wirral",1410,392
"699","E01007225","Wirral 012C","E08000015","Wirral","E08000015","Wirral",1970,510
"700","E01007226","Wirral 017B","E08000015","Wirral","E08000015","Wirral",1601,551
"701","E01007227","Wirral 012D","E08000015","Wirral","E08000015","Wirral",1511,304
"702","E01007228","Wirral 012E","E08000015","Wirral","E08000015","Wirral",1453,399
"703","E01007229","Wirral 001A","E08000015","Wirral","E08000015","Wirral",1798,285
"704","E01007230","Wirral 001B","E08000015","Wirral","E08000015","Wirral",1268,274
"705","E01007231","Wirral 001C","E08000015","Wirral","E08000015","Wirral",1611,409
"706","E01007232","Wirral 002B","E08000015","Wirral","E08000015","Wirral",1574,362
"707","E01007233","Wirral 002C","E08000015","Wirral","E08000015","Wirral",1813,307
"708","E01007234","Wirral 002D","E08000015","Wirral","E08000015","Wirral",1475,265
"709","E01007235","Wirral 004B","E08000015","Wirral","E08000015","Wirral",1583,301
"710","E01007236","Wirral 002E","E08000015","Wirral","E08000015","Wirral",1331,266
"711","E01007237","Wirral 001D","E08000015","Wirral","E08000015","Wirral",1687,588
"712","E01007238","Wirral 001E","E08000015","Wirral","E08000015","Wirral",1593,401
"713","E01007239","Wirral 022C","E08000015","Wirral","E08000015","Wirral",1653,213
"714","E01007240","Wirral 020C","E08000015","Wirral","E08000015","Wirral",1680,401
"715","E01007241","Wirral 020D","E08000015","Wirral","E08000015","Wirral",1386,562
"716","E01007242","Wirral 020E","E08000015","Wirral","E08000015","Wirral",1609,530
"717","E01007243","Wirral 022D","E08000015","Wirral","E08000015","Wirral",1516,445
"718","E01007244","Wirral 022E","E08000015","Wirral","E08000015","Wirral",2231,197
"719","E01007245","Wirral 024B","E08000015","Wirral","E08000015","Wirral",1414,357
"720","E01007246","Wirral 024C","E08000015","Wirral","E08000015","Wirral",1467,378
"721","E01007247","Wirral 024D","E08000015","Wirral","E08000015","Wirral",1771,382
"722","E01007248","Wirral 030A","E08000015","Wirral","E08000015","Wirral",1633,404
"723","E01007249","Wirral 025A","E08000015","Wirral","E08000015","Wirral",1401,224
"724","E01007250","Wirral 030B","E08000015","Wirral","E08000015","Wirral",1228,318
"725","E01007251","Wirral 025B","E08000015","Wirral","E08000015","Wirral",1083,265
"726","E01007252","Wirral 024E","E08000015","Wirral","E08000015","Wirral",1333,263
"727","E01007253","Wirral 030C","E08000015","Wirral","E08000015","Wirral",723,160
"728","E01007254","Wirral 030D","E08000015","Wirral","E08000015","Wirral",2683,596
"729","E01007255","Wirral 034B","E08000015","Wirral","E08000015","Wirral",1574,380
"730","E01007256","Wirral 034C","E08000015","Wirral","E08000015","Wirral",1560,620
"731","E01007257","Wirral 025C","E08000015","Wirral","E08000015","Wirral",1376,238
"732","E01007258","Wirral 028A","E08000015","Wirral","E08000015","Wirral",1417,405
"733","E01007259","Wirral 023A","E08000015","Wirral","E08000015","Wirral",1167,311
"734","E01007260","Wirral 028B","E08000015","Wirral","E08000015","Wirral",1560,400
"735","E01007261","Wirral 023B","E08000015","Wirral","E08000015","Wirral",1287,523
"736","E01007262","Wirral 028C","E08000015","Wirral","E08000015","Wirral",1501,452
"737","E01007263","Wirral 026D","E08000015","Wirral","E08000015","Wirral",1388,320
"738","E01007264","Wirral 023C","E08000015","Wirral","E08000015","Wirral",1353,476
"739","E01007265","Wirral 017C","E08000015","Wirral","E08000015","Wirral",1349,241
"740","E01007266","Wirral 023D","E08000015","Wirral","E08000015","Wirral",1508,381
"741","E01007267","Wirral 023E","E08000015","Wirral","E08000015","Wirral",1464,358
"742","E01007268","Wirral 023F","E08000015","Wirral","E08000015","Wirral",1286,496
"743","E01007269","Wirral 010C","E08000015","Wirral","E08000015","Wirral",1711,188
"744","E01007270","Wirral 010D","E08000015","Wirral","E08000015","Wirral",1742,210
"745","E01007271","Wirral 010E","E08000015","Wirral","E08000015","Wirral",1640,232
"746","E01007272","Wirral 008A","E08000015","Wirral","E08000015","Wirral",1559,187
"747","E01007273","Wirral 008B","E08000015","Wirral","E08000015","Wirral",1436,173
"748","E01007274","Wirral 008C","E08000015","Wirral","E08000015","Wirral",1494,185
"749","E01007275","Wirral 005E","E08000015","Wirral","E08000015","Wirral",1501,198
"750","E01007276","Wirral 007E","E08000015","Wirral","E08000015","Wirral",1541,276
"751","E01007277","Wirral 008D","E08000015","Wirral","E08000015","Wirral",1503,217
"752","E01007278","Wirral 008E","E08000015","Wirral","E08000015","Wirral",1482,200
"753","E01007279","Wirral 034D","E08000015","Wirral","E08000015","Wirral",1656,372
"754","E01007280","Wirral 033A","E08000015","Wirral","E08000015","Wirral",1672,421
"755","E01007281","Wirral 028D","E08000015","Wirral","E08000015","Wirral",1336,444
"756","E01007282","Wirral 026E","E08000015","Wirral","E08000015","Wirral",1377,362
"757","E01007283","Wirral 028E","E08000015","Wirral","E08000015","Wirral",1200,429
"758","E01007284","Wirral 033B","E08000015","Wirral","E08000015","Wirral",1663,492
"759","E01007285","Wirral 033C","E08000015","Wirral","E08000015","Wirral",1485,474
"760","E01007286","Wirral 034E","E08000015","Wirral","E08000015","Wirral",1493,392
"761","E01007287","Wirral 033D","E08000015","Wirral","E08000015","Wirral",1798,630
"762","E01007288","Wirral 037E","E08000015","Wirral","E08000015","Wirral",1575,479
"763","E01007289","Wirral 031E","E08000015","Wirral","E08000015","Wirral",1657,154
"764","E01007290","Wirral 027B","E08000015","Wirral","E08000015","Wirral",1936,329
"765","E01007291","Wirral 021D","E08000015","Wirral","E08000015","Wirral",1746,213
"766","E01007292","Wirral 021E","E08000015","Wirral","E08000015","Wirral",1589,162
"767","E01007293","Wirral 027C","E08000015","Wirral","E08000015","Wirral",1483,227
"768","E01007294","Wirral 021F","E08000015","Wirral","E08000015","Wirral",1523,191
"769","E01007295","Wirral 027D","E08000015","Wirral","E08000015","Wirral",1551,132
"770","E01007296","Wirral 027E","E08000015","Wirral","E08000015","Wirral",1625,225
"771","E01007297","Wirral 018A","E08000015","Wirral","E08000015","Wirral",1552,421
"772","E01007298","Wirral 018B","E08000015","Wirral","E08000015","Wirral",1562,520
"773","E01007299","Wirral 017D","E08000015","Wirral","E08000015","Wirral",1338,327
"774","E01007300","Wirral 019D","E08000015","Wirral","E08000015","Wirral",2269,303
"775","E01007301","Wirral 018C","E08000015","Wirral","E08000015","Wirral",1635,448
"776","E01007302","Wirral 018D","E08000015","Wirral","E08000015","Wirral",1824,375
"777","E01007303","Wirral 025D","E08000015","Wirral","E08000015","Wirral",1415,256
"778","E01007304","Wirral 025E","E08000015","Wirral","E08000015","Wirral",1487,270
"779","E01007305","Wirral 018E","E08000015","Wirral","E08000015","Wirral",1599,423
"780","E01007306","Wirral 017E","E08000015","Wirral","E08000015","Wirral",1570,367
"781","E01007307","Wirral 003A","E08000015","Wirral","E08000015","Wirral",1737,396
"782","E01007308","Wirral 003B","E08000015","Wirral","E08000015","Wirral",1486,496
"783","E01007309","Wirral 006D","E08000015","Wirral","E08000015","Wirral",1474,364
"784","E01007310","Wirral 004C","E08000015","Wirral","E08000015","Wirral",1342,313
"785","E01007311","Wirral 004D","E08000015","Wirral","E08000015","Wirral",1409,362
"786","E01007312","Wirral 003C","E08000015","Wirral","E08000015","Wirral",1400,333
"787","E01007313","Wirral 003D","E08000015","Wirral","E08000015","Wirral",1603,417
"788","E01007314","Wirral 004E","E08000015","Wirral","E08000015","Wirral",1492,289
"789","E01007315","Wirral 003E","E08000015","Wirral","E08000015","Wirral",1544,289
"790","E01007316","Wirral 004F","E08000015","Wirral","E08000015","Wirral",1417,322
"791","E01032903","Wirral 010F","E08000015","Wirral","E08000015","Wirral",2921,363
